taxon_name,status
Abronia latifolia
Abronia umbellata var. umbellata
Abutilon theophrasti
Acacia baileyana
Acacia cyclops
Acacia dealbata
Acacia longifolia
Acacia melanoxylon
Acacia paradoxa
Acacia redolens
Acacia retinodes
Acacia verticillata
Acaena californica
Acanthomintha lanceolata
Acer campestre
Acer macrophyllum
Acer negundo
Achillea millefolium
Achyrachaena mollis
Acmispon americanus var. americanus
Acmispon brachycarpus
Acmispon denticulatus
Acmispon glaber var. glaber
Acmispon junceus var. biolettii
Acmispon parviflorus
Acmispon strigosus
Acmispon wrangelianus
Actaea rubra
Adelinia grandis
Adenocaulon bicolor
Adenostoma fasciculatum
Adiantum aleuticum
Adiantum jordanii
Aegilops triuncialis
Aesculus californica
Ageratina adenophora
Agoseris apargioides var. apargioides
Agoseris grandiflora var. grandiflora
Agoseris heterophylla
Agoseris retrorsa
Agrostis avenacea
Agrostis capillaris
Agrostis exarata
Agrostis hallii
Agrostis microphylla
Agrostis pallens
Agrostis stolonifera
Ailanthus altissima
Aira caryophyllea
Aira elegans
Alisma lanceolatum
Alisma triviale
Allenrolfea occidentalis
Allium acuminatum
Allium amplectens
Allium bolanderi var. bolanderi
Allium crispum
Allium falcifolium
Allium neapolitanum
Allium paniculatum var. paniculatum
Allium peninsulare var. peninsulare
Allium serra
Allium sharsmithiae
Allium triquetrum
Allium unifolium
Allophyllum divaricatum
Allophyllum gilioides subsp. gilioides
Allophyllum gilioides subsp. violaceum
Alnus rhombifolia
Alnus rubra
Alopecurus myosuroides
Alopecurus saccatus
Amaranthus albus
Amaranthus blitoides
Amaranthus californicus
Amaranthus deflexus
Amaranthus hybridus
Amaranthus palmeri
Amaranthus powellii
Amaranthus retroflexus
Amaryllis belladonna
Ambrosia chamissonis
Ambrosia psilostachya
Amelanchier utahensis
Ammannia coccinea
Amsinckia eastwoodiae
Amsinckia grandiflora
Amsinckia intermedia
Amsinckia lunaris
Amsinckia lycopsoides
Amsinckia menziesii
Amsinckia tessellata var. gloriosa
Amsinckia tessellata var. tessellata
Amsinckia vernicosa
Anaphalis margaritacea
Ancistrocarphus filagineus
Androsace elongata subsp. acuta
Anemopsis californica
Angelica californica
Anisocarpus madioides
Anthemis cotula
Anthriscus caucalis
Antirrhinum kelloggii
Antirrhinum majus
Antirrhinum thompsonii
Antirrhinum vexillocalyculatum subsp. vexillocalyculatum
Aphanes occidentalis
Aphyllon californicum subsp. jepsonii
Aphyllon fasciculatum
Aphyllon pinorum
Aphyllon purpureum
Aphyllon tuberosum
Aphyllon vallicola
Apiastrum angustifolium
Apium graveolens
Apium nodiflorum
Apocynum androsaemifolium
Apocynum cannabinum
Aquilegia eximia
Aquilegia formosa
Arabidopsis thaliana
Arabis blepharophylla
Aralia californica
Arbutus menziesii
Arceuthobium campylopodum
Arctostaphylos auriculata
Arctostaphylos crustacea subsp. crustacea
Arctostaphylos crustacea subsp. rosei
Arctostaphylos glandulosa subsp. glandulosa
Arctostaphylos glauca
Arctostaphylos manzanita subsp. laevigata
Arctostaphylos manzanita subsp. manzanita
Arctostaphylos pallida
Argemone munita
Argyranthemum foeniculaceum
Aristida oligantha
Aristolochia californica
Arnica discoidea
Artemisia biennis
Artemisia californica
Artemisia douglasiana
Artemisia dracunculus
Artemisia pycnocephala
Arthrocnemum subterminale
Arum italicum
Arundo donax
Asarum caudatum
Asclepias californica
Asclepias cordifolia
Asclepias fascicularis
Asclepias speciosa
Asparagus asparagoides
Asparagus officinalis subsp. officinalis
Asphodelus fistulosus
Aspidotis californica
Aspidotis carlotta-halliae
Astragalus asymmetricus
Astragalus didymocarpus var. didymocarpus
Astragalus gambelianus
Astragalus tener var. tener
Athyrium filix-femina var. cyclosorum
Athysanus pusillus
Athysanus unilateralis
Atriplex argentea var. expansa
Atriplex coronata var. coronata
Atriplex depressa
Atriplex dioica
Atriplex fruticulosa
Atriplex lentiformis
Atriplex leucophylla
Atriplex minuscula
Atriplex patula
Atriplex prostrata
Atriplex rosea
Atriplex semibaccata
Atriplex serenana var. serenana
Atriplex suberecta
Avena barbata
Avena fatua
Avena sterilis
Azolla filiculoides
Baccharis glutinosa
Baccharis pilularis subsp. consanguinea
Baccharis pilularis subsp. pilularis
Baccharis salicifolia subsp. salicifolia
Balsamorhiza deltoidea
Balsamorhiza macrolepis
Barbarea orthoceras
Bassia hyssopifolia
Bellardia trixago
Bellis perennis
Berberis aquifolium var. aquifolium
Berberis aquifolium var. dictyota
Berberis nervosa
Berberis pinnata subsp. pinnata
Berula erecta
Beta vulgaris subsp. maritima
Bidens frondosa
Bidens laevis
Blennosperma nanum var. nanum
Blepharizonia laxa
Blepharizonia plumosa
Boechera breweri subsp. breweri
Bolboschoenus fluviatilis
Bolboschoenus maritimus subsp. paludosus
Bolboschoenus robustus
Bowlesia incana
Brachypodium distachyon
Brassica juncea
Brassica nigra
Brassica oleracea
Brassica rapa
Brickellia californica
Briza maxima
Briza minor
Brodiaea elegans subsp. elegans
Brodiaea terrestris subsp. terrestris
Bromus arenarius
Bromus berteroanus
Bromus catharticus var. catharticus
Bromus catharticus var. elatus
Bromus commutatus
Bromus diandrus
Bromus hordeaceus
Bromus japonicus
Bromus laevipes
Bromus madritensis
Bromus pseudolaevipes
Bromus racemosus
Bromus rubens
Bromus sitchensis var. carinatus
Bromus sitchensis var. marginatus
Bromus sitchensis var. maritimus
Bromus sterilis
Bromus tectorum
Buddleja davidii
Cabomba caroliniana
Cakile edentula
Cakile maritima
Calamagrostis nutkaensis
Calamagrostis rubescens
Calandrinia breweri
Calandrinia menziesii
Calendula arvensis
Calendula officinalis
California macrophylla
Callitriche heterophylla var. bolanderi
Callitriche longipedunculata
Callitriche marginata
Callitriche trochlearis
Calochortus albus
Calochortus argillosus
Calochortus clavatus var. pallidus
Calochortus invenustus
Calochortus luteus
Calochortus pulchellus
Calochortus splendens
Calochortus umbellatus
Calochortus venustus
Caltha palustris
Calycadenia multiglandulosa
Calycadenia truncata
Calystegia malacophylla subsp. pedicellata
Calystegia occidentalis subsp. occidentalis
Calystegia purpurata subsp. purpurata
Calystegia purpurata subsp. saxicola
Calystegia sepium subsp. limnophila
Calystegia silvatica subsp. disjuncta
Calystegia soldanella
Calystegia subacaulis subsp. subacaulis
Camissonia campestris subsp. campestris
Camissonia contorta
Camissonia strigulosa
Camissoniopsis cheiranthifolia subsp. cheiranthifolia
Camissoniopsis hirtella
Camissoniopsis intermedia
Camissoniopsis micrantha
Campanula exigua
Campanula griffinii
Capsella bursa-pastoris
Cardamine californica
Cardamine hirsuta
Cardamine oligosperma
Carduus pycnocephalus subsp. pycnocephalus
Carduus tenuiflorus
Carex aquatilis var. dives
Carex barbarae
Carex brevicaulis
Carex comosa
Carex densa
Carex globosa
Carex gracilior
Carex harfordii
Carex heteroneura
Carex laeviculmis
Carex leporina
Carex leptopoda
Carex multicostata
Carex nebrascensis
Carex nudata
Carex obnupta
Carex pachystachya
Carex pellita
Carex pendula
Carex praegracilis
Carex senta
Carex serratodens
Carex subbracteata
Carex tumulicola
Carex unilateralis
Carpobrotus chilensis
Carpobrotus edulis
Castilleja affinis subsp. affinis
Castilleja ambigua subsp. ambigua
Castilleja applegatei subsp. martinii
Castilleja attenuata
Castilleja densiflora subsp. densiflora
Castilleja exserta subsp. exserta
Castilleja exserta subsp. latifolia
Castilleja foliolosa
Castilleja rubicundula subsp. lithospermoides
Castilleja subinclusa subsp. franciscana
Castilleja subinclusa subsp. subinclusa
Castilleja wightii
Caulanthus flavescens
Caulanthus lasiophyllus
Caulanthus lemmonii
Ceanothus cuneatus var. cuneatus
Ceanothus foliosus
Ceanothus leucodermis
Ceanothus oliganthus var. sorediatus
Ceanothus thyrsiflorus
Centaurea calcitrapa
Centaurea cyanus
Centaurea iberica
Centaurea melitensis
Centaurea solstitialis
Centranthus ruber
Centromadia fitchii
Centromadia parryi subsp. congdonii
Centromadia pungens subsp. pungens
Cephalanthus occidentalis
Cerastium fontanum subsp. vulgare
Cerastium glomeratum
Ceratophyllum demersum
Cercocarpus betuloides var. betuloides
Cestrum parqui
Chaenactis glabriuscula var. glabriuscula
Chaenactis glabriuscula var. heterocarpha
Chasmanthe floribunda
Chenopodium album
Chenopodium berlandieri
Chenopodium californicum
Chenopodium macrospermum
Chenopodium murale
Chenopodium rubrum
Chenopodium vulvaria
Chlorogalum pomeridianum var. minus
Chlorogalum pomeridianum var. pomeridianum
Chloropyron maritimum subsp. palustre
Chloropyron molle subsp. hispidum
Chloropyron molle subsp. molle
Chloropyron palmatum
Chorizanthe cuspidata var. cuspidata
Chorizanthe membranacea
Chorizanthe polygonoides var. polygonoides
Chorizanthe robusta var. robusta
Chorizanthe uniaristata
Chrysolepis chrysophylla var. minor
Cicendia quadrangularis
Cichorium intybus
Cicuta douglasii
Cicuta maculata var. bolanderi
Cirsium andrewsii
Cirsium brevistylum
Cirsium cymosum var. cymosum
Cirsium douglasii var. douglasii
Cirsium fontinale var. campylon
Cirsium occidentale var. californicum
Cirsium occidentale var. occidentale
Cirsium occidentale var. venustum
Cirsium quercetorum
Cirsium remotifolium var. odontolepis
Cirsium vulgare
Citrullus lanatus var. citroides
Clarkia affinis
Clarkia biloba subsp. biloba
Clarkia breweri
Clarkia concinna subsp. automixa
Clarkia concinna subsp. concinna
Clarkia franciscana
Clarkia gracilis subsp. gracilis
Clarkia modesta
Clarkia purpurea subsp. purpurea
Clarkia purpurea subsp. quadrivulnera
Clarkia purpurea subsp. viminea
Clarkia rubicunda
Clarkia tembloriensis subsp. tembloriensis
Clarkia unguiculata
Claytonia exigua subsp. exigua
Claytonia exigua subsp. glauca
Claytonia gypsophiloides
Claytonia parviflora subsp. parviflora
Claytonia perfoliata subsp. mexicana
Claytonia perfoliata subsp. perfoliata
Claytonia rubra subsp. depressa
Clematis lasiantha
Clematis ligusticifolia
Clinopodium douglasii
Clintonia andrewsiana
Collinsia bartsiifolia var. bartsiifolia
Collinsia bartsiifolia var. davidsonii
Collinsia heterophylla
Collinsia parviflora
Collinsia sparsiflora var. collina
Collinsia sparsiflora var. sparsiflora
Collinsia tinctoria
Collomia diversifolia
Collomia heterophylla
Conium maculatum
Consolida ajacis
Convolvulus arvensis
Convolvulus simulans
Corallorhiza maculata var. maculata
Corallorhiza striata
Cordylanthus nidularius
Cordylanthus pilosus subsp. pilosus
Cordylanthus rigidus subsp. rigidus
Cordyline australis
Corethrogyne filaginifolia
Cornus glabrata
Cornus sericea subsp. occidentalis
Cornus sericea subsp. sericea
Cortaderia jubata
Cortaderia selloana
Corylus cornuta subsp. californica
Cotoneaster franchetii
Cotoneaster lacteus
Cotoneaster pannosus
Cotula australis
Cotula coronopifolia
Crassula aquatica
Crassula connata
Crassula solieri
Crassula tillaea
Crataegus monogyna
Crepis bursifolia
Crepis capillaris
Crepis monticola
Crepis vesicaria subsp. taraxacifolia
Cressa truxillensis
Crocanthemum scoparium var. vulgare
Crocidium multicaule
Crocosmia ×crocosmiiflora
Croton californicus
Croton setiger
Crypsis schoenoides
Crypsis vaginiflora
Cryptantha clevelandii var. florosa
Cryptantha flaccida
Cryptantha juniperensis
Cryptantha micromeres
Cryptantha microstachys
Cryptantha muricata var. muricata
Cryptantha nemaclada
Cryptantha torreyana var. pumila
Cucurbita foetidissima
Cuscuta californica var. californica
Cuscuta campestris
Cuscuta indecora var. indecora
Cuscuta japonica var. formosana
Cuscuta occidentalis
Cuscuta pacifica var. pacifica
Cuscuta salina
Cuscuta subinclusa
Cyclospermum leptophyllum
Cymbalaria muralis
Cynara cardunculus
Cynodon dactylon
Cynosurus echinatus
Cyperus difformis
Cyperus eragrostis
Cyperus erythrorhizos
Cyperus esculentus,NC
Cyperus involucratus
Cyperus niger
Cyperus odoratus
Cyperus strigosus
Cypselea humifusa
Cystopteris fragilis
Cytisus scoparius
Cytisus striatus
Dactylis glomerata
Danthonia californica
Datisca glomerata
Datura stramonium
Datura wrightii
Daucus carota
Daucus pusillus
Deinandra bacigalupii
Deinandra corymbosa
Deinandra kelloggii
Deinandra lobbii
Delairea odorata
Delphinium californicum subsp. interius
Delphinium decorum subsp. decorum
Delphinium gypsophilum
Delphinium hansenii subsp. hansenii
Delphinium hesperium subsp. hesperium
Delphinium hesperium subsp. pallescens
Delphinium nudicaule
Delphinium parryi subsp. parryi
Delphinium patens subsp. patens
Delphinium recurvatum
Delphinium variegatum subsp. variegatum
Dendromecon rigida
Deschampsia cespitosa subsp. cespitosa
Deschampsia cespitosa subsp. holciformis
Deschampsia danthonioides
Deschampsia elongata
Descurainia pinnata subsp. brachycarpa
Desmazeria rigida
Dianthus nudiflorus
Dicentra formosa
Dichelostemma congestum
Dichelostemma multiflorum
Dichelostemma volubile
Dichondra donelliana
Dichondra micrantha
Digitalis purpurea
Digitaria ischaemum
Digitaria sanguinalis
Diplacus aurantiacus
Diplacus bolanderi
Diplacus douglasii
Diplacus rattanii
Diplacus tricolor
Dipsacus sativus
Dipterostemon capitatus
Dirca occidentalis
Distichlis spicata
Dittrichia graveolens
Downingia bella
Downingia cuspidata
Downingia insignis
Downingia pulchella
Draba cuneifolia
Draba verna
Drymocallis glandulosa var. wrangelliana
Dryopteris arguta
Duchesnea indica var. indica
Dudleya cymosa subsp. cymosa
Dudleya cymosa subsp. paniculata
Dudleya farinosa
Dysphania ambrosioides
Dysphania botrys
Dysphania multifida
Eastwoodia elegans
Echinochloa colona
Echinochloa crus-galli
Echinochloa muricata var. microstachya,NC
Echinodorus berteroi
Echium candicans
Eclipta prostrata
Egeria densa
Ehrendorferia chrysantha
Ehrharta erecta
Eichhornia crassipes
Elatine brachysperma
Elatine californica
Eleocharis acicularis var. acicularis
Eleocharis macrostachya
Eleocharis parishii
Eleocharis parvula
Eleocharis rostellata
Eleusine indica
Elodea canadensis
Elodea nuttallii
Elymus ×gouldii
Elymus caput-medusae
Elymus elymoides var. elymoides
Elymus glaucus subsp. glaucus
Elymus glaucus subsp. virescens
Elymus hispidus
Elymus mollis subsp. mollis
Elymus multisetus
Elymus ponticus
Elymus stebbinsii
Elymus trachycaulus subsp. trachycaulus
Elymus triticoides
Emmenanthe penduliflora
Emmenanthe rosea
Enemion occidentale
Enemion stipitatum
Epilobium brachycarpum
Epilobium campestre
Epilobium canum subsp. canum
Epilobium ciliatum subsp. ciliatum
Epilobium ciliatum subsp. watsonii
Epilobium cleistogamum
Epilobium densiflorum
Epilobium minutum
Epilobium torreyi
Epipactis gigantea
Epipactis helleborine
Equisetum ×ferrissii
Equisetum arvense
Equisetum hyemale subsp. affine
Equisetum laevigatum
Equisetum telmateia subsp. braunii
Eragrostis cilianensis
Eragrostis curvula
Eragrostis hypnoides
Eragrostis mexicana subsp. virescens
Eragrostis pectinacea var. pectinacea
Eremalche parryi subsp. parryi
Eremothera boothii subsp. decorticans
Eriastrum abramsii
Eriastrum ertterae
Eriastrum pluriflorum
Ericameria arborescens
Ericameria linearifolia
Ericameria nauseosa var. mohavensis
Erigeron bonariensis
Erigeron canadensis
Erigeron foliosus var. franciscensis
Erigeron petrophilus var. petrophilus
Erigeron philadelphicus var. philadelphicus
Erigeron reductus var. angustatus
Erigeron sumatrensis
Eriobotrya japonica
Eriodictyon californicum
Eriogonum angulosum
Eriogonum covilleanum
Eriogonum fasciculatum var. foliolosum,NC
Eriogonum fasciculatum var. polifolium
Eriogonum gracile var. gracile
Eriogonum inerme var. inerme
Eriogonum luteolum var. caninum
Eriogonum luteolum var. luteolum
Eriogonum nudum var. auriculatum
Eriogonum nudum var. psychicola
Eriogonum roseum
Eriogonum truncatum
Eriogonum umbellatum var. bahiiforme
Eriogonum wrightii var. trachygonum
Eriophyllum confertiflorum var. confertiflorum
Eriophyllum jepsonii
Eriophyllum lanatum var. achilleoides
Eriophyllum staechadifolium
Erodium botrys
Erodium brachycarpum
Erodium cicutarium
Erodium malacoides
Erodium moschatum
Eryngium aristulatum var. aristulatum
Eryngium aristulatum var. hooveri
Eryngium aristulatum
Eryngium armatum
Eryngium articulatum
Eryngium castrense
Eryngium jepsonii
Eryngium racemosum
Eryngium spinosepalum
Erysimum capitatum var. angustatum
Erysimum capitatum var. capitatum
Erythranthe androsacea
Erythranthe cardinalis
Erythranthe floribunda
Erythranthe guttata
Erythranthe inconspicua
Erythranthe latidens
Eschscholzia caespitosa
Eschscholzia californica
Eschscholzia rhombipetala
Eucalyptus camaldulensis
Eucalyptus globulus
Eucalyptus pulchella
Eucalyptus sideroxylon
Eucalyptus tereticornis
Eucalyptus viminalis
Eucrypta chrysanthemifolia var. chrysanthemifolia
Euonymus occidentalis var. occidentalis
Euphorbia crenulata
Euphorbia lathyris
Euphorbia maculata
Euphorbia oblongata
Euphorbia ocellata subsp. ocellata
Euphorbia peplus
Euphorbia serpens
Euphorbia serpillifolia subsp. serpillifolia
Euphorbia spathulata
Eurybia radulina
Euthamia occidentalis
Extriplex californica
Extriplex joaquinana
Fallopia japonica
Festuca arundinacea
Festuca bromoides
Festuca californica
Festuca elmeri
Festuca idahoensis
Festuca microstachys
Festuca myuros
Festuca octoflora
Festuca perennis
Festuca rubra
Festuca temulenta
Ficus carica
Foeniculum vulgare
Forestiera pubescens
Fragaria vesca
Frangula californica subsp. californica
Frangula californica subsp. tomentella
Frankenia salina
Fraxinus dipetala
Fraxinus latifolia
Fremontodendron californicum
Fritillaria affinis
Fritillaria agrestis
Fritillaria falcata
Fritillaria liliacea
Fumaria capreolata
Fumaria officinalis
Galium andrewsii subsp. gatense
Galium aparine
Galium californicum subsp. californicum
Galium divaricatum
Galium murale
Galium parisiense
Galium porrigens var. porrigens
Galium porrigens var. tenue
Galium tricornutum
Galium trifidum subsp. columbianum
Galium triflorum
Gamochaeta pensylvanica
Gamochaeta ustulata
Garrya elliptica
Garrya flavescens
Garrya fremontii
Gastridium phleoides
Gaultheria shallon
Genista monspessulana
Geranium carolinianum
Geranium core-core
Geranium dissectum
Geranium lucidum
Geranium molle
Geranium potentilloides
Geranium purpureum
Geranium robertianum
Geranium rotundifolium
Gilia achilleifolia subsp. achilleifolia
Gilia achilleifolia subsp. multicaulis
Gilia capitata subsp. capitata
Gilia capitata subsp. staminea
Gilia clivorum
Gilia tricolor subsp. diffusa
Gilia tricolor subsp. tricolor
Githopsis diffusa subsp. robusta
Githopsis specularioides
Glebionis segetum
Glinus lotoides
Glyceria declinata
Glyceria leptostachya
Glycyrrhiza lepidota
Gnaphalium palustre
Gratiola ebracteata
Grindelia camporum
Grindelia hirsutula
Grindelia stricta var. angustifolia
Gruvelia pusilla
Gutierrezia californica
Hainardia cylindrica
Hedera canariensis
Hedera helix
Hedypnois rhagadioloides
Helenium bigelovii
Helenium puberulum
Helianthella californica var. californica
Helianthella castanea
Helianthus annuus
Helianthus californicus
Helianthus gracilentus
Heliotropium curassavicum var. oculatum
Helminthotheca echioides
Hemizonia congesta subsp. lutescens
Hemizonia congesta subsp. luzulifolia
Heracleum maximum
Herniaria hirsuta var. cinerea
Hesperevax acaulis var. ambusticola
Hesperevax caulescens
Hesperevax sparsiflora var. sparsiflora
Hesperocnide tenella
Hesperocyparis macrocarpa,NC
Hesperocyparis sargentii
Hesperolinon breweri
Hesperolinon californicum
Hesperolinon clevelandii
Hesperolinon disjunctum
Hesperolinon micranthum
Hesperomecon linearis
Heterocodon rariflorum
Heteromeles arbutifolia
Heterotheca grandiflora
Heterotheca oregona var. rudis
Heterotheca oregona var. scaberrima
Heterotheca sessiliflora subsp. bolanderi
Heterotheca sessiliflora subsp. echioides
Heuchera micrantha
Hibiscus lasiocarpos var. occidentalis
Hieracium albiflorum
Hirschfeldia incana
Hoita macrostachya
Hoita orbicularis
Hoita strobilina
Holcus lanatus
Holcus mollis
Holocarpha heermannii
Holocarpha macradenia
Holocarpha obconica
Holocarpha virgata subsp. virgata
Holodiscus discolor
Holozonia filipes
Hordeum brachyantherum subsp. brachyantherum
Hordeum brachyantherum subsp. californicum
Hordeum depressum
Hordeum jubatum subsp. jubatum
Hordeum marinum subsp. gussoneanum
Hordeum murinum subsp. glaucum
Hordeum murinum subsp. leporinum
Hordeum murinum subsp. murinum
Horkelia californica var. californica
Horkelia californica var. elata
Horkelia californica var. frondosa
Horkelia cuneata var. sericea
Hornungia procumbens
Hosackia crassifolia var. crassifolia
Hosackia stipularis var. stipularis
Hydrocotyle ranunculoides
Hydrocotyle verticillata
Hydrophyllum occidentale
Hypericum androsaemum
Hypericum perforatum subsp. perforatum
Hypericum scouleri
Hypochaeris glabra
Hypochaeris radicata
Idahoa scapigera
Ilex aquifolium
Impatiens balfourii
Iris douglasiana
Iris foetidissima
Iris longipetala
Iris pseudacorus
Isocoma arguta
Isoetes howellii
Isolepis carinata
Isolepis cernua
Iva axillaris
Jaumea carnosa
Juglans californica
Juncus acuminatus
Juncus ambiguus
Juncus articulatus subsp. articulatus
Juncus balticus subsp. ater
Juncus bufonius var. bufonius
Juncus capitatus
Juncus effusus subsp. pacificus
Juncus elliottii
Juncus gerardi subsp. gerardi
Juncus lescurii
Juncus mexicanus
Juncus occidentalis
Juncus oxymeris
Juncus patens
Juncus phaeocephalus var. paniculatus
Juncus phaeocephalus var. phaeocephalus
Juncus tenuis
Juncus xiphioides
Juniperus californica
Keckiella breviflora var. breviflora
Keckiella corymbosa
Kickxia elatine
Kickxia spuria
Kniphofia uvaria
Koeleria gerardi
Koeleria macrantha
Kopsiopsis strobilacea
Lactuca saligna
Lactuca serriola
Lactuca virosa
Laennecia coulteri
Lagophylla ramosissima
Lamarckia aurea
Lamium amplexicaule
Landoltia punctata
Lapsana communis
Lastarriaea coriacea
Lasthenia californica subsp. californica
Lasthenia conjugens
Lasthenia ferrisiae
Lasthenia fremontii
Lasthenia glaberrima
Lasthenia glabrata subsp. glabrata
Lasthenia gracilis
Lasthenia maritima
Lasthenia microglossa
Lasthenia minor
Lasthenia platycarpha
Lathyrus jepsonii var. californicus
Lathyrus jepsonii var. jepsonii
Lathyrus latifolius
Lathyrus vestitus var. vestitus
Layia chrysanthemoides
Layia gaillardioides
Layia hieracioides
Layia platyglossa
Leersia oryzoides
Legenere limosa
Lemna gibba
Lemna minor
Lemna minuta
Lemna valdiviana
Lepechinia calycina
Lepidium acutidens
Lepidium appelianum
Lepidium chalepense
Lepidium coronopus
Lepidium dictyotum
Lepidium didymum
Lepidium draba
Lepidium latifolium
Lepidium latipes
Lepidium nitidum
Lepidium oblongum
Lepidium oxycarpum
Lepidium pinnatifidum
Lepidium strictum
Lepidospartum squamatum
Leptochloa fusca subsp. fascicularis
Leptochloa fusca subsp. uninervia
Leptosiphon ambiguus
Leptosiphon androsaceus
Leptosiphon aureus
Leptosiphon bicolor
Leptosiphon bolanderi
Leptosiphon ciliatus
Leptosiphon grandiflorus
Leptosiphon liniflorus
Leptosiphon parviflorus
Leptosiphon pygmaeus subsp. continentalis
Leptosyne calliopsidea
Leptosyne hamiltonii
Leptosyne stillmanii
Lessingia hololeuca
Lessingia nana
Lessingia nemaclada
Lessingia pectinata var. tenuipes
Lessingia tenuis
Lewisia rediviva var. rediviva
Ligusticum apiifolium
Ligustrum lucidum
Lilaeopsis masonii
Lilium pardalinum subsp. pardalinum
Limnanthes douglasii subsp. douglasii
Limnanthes douglasii subsp. nivea
Limnanthes douglasii subsp. rosea
Limnobium spongia
Limonium californicum
Limonium ramosissimum
Limosella acaulis
Limosella australis
Linanthus dichotomus subsp. dichotomus
Linum bienne
Linum lewisii var. lewisii
Lithophragma affine
Lithophragma bolanderi
Lithophragma cymbalaria
Lithophragma heterophyllum
Lithophragma parviflorum var. parviflorum
Lobularia maritima
Logfia filaginoides
Logfia gallica
Lomatium californicum
Lomatium caruifolium var. caruifolium
Lomatium caruifolium var. denticulatum
Lomatium dasycarpum subsp. dasycarpum
Lomatium macrocarpum
Lomatium nudicaule
Lomatium utriculatum
Lonicera hispidula
Lonicera involucrata var. ledebourii
Lonicera japonica
Lonicera subspicata var. denudata
Lotus corniculatus
Ludwigia hexapetala
Ludwigia palustris
Ludwigia peploides subsp. montevidensis
Ludwigia peploides subsp. peploides
Lunaria annua
Lupinus affinis
Lupinus albifrons var. albifrons
Lupinus albifrons var. collinus
Lupinus arboreus
Lupinus benthamii
Lupinus bicolor
Lupinus chamissonis
Lupinus concinnus
Lupinus formosus var. formosus
Lupinus latifolius var. dudleyi
Lupinus latifolius var. latifolius
Lupinus luteolus
Lupinus microcarpus var. densiflorus
Lupinus microcarpus var. microcarpus
Lupinus nanus
Lupinus pachylobus
Lupinus succulentus
Luzula comosa var. comosa
Luzula subsessilis
Lychnis coronaria
Lycopus americanus
Lycopus asper
Lysimachia arvensis
Lysimachia latifolia
Lysimachia maritima
Lysimachia minima
Lysimachia monelli
Lythrum californicum
Lythrum hyssopifolia
Lythrum salicaria
Lythrum tribracteatum
Madia anomala
Madia elegans
Madia exigua
Madia gracilis
Madia radiata
Madia sativa
Maianthemum racemosum
Maianthemum stellatum
Malacothamnus fremontii
Malacothamnus hallii
Malacothrix californica
Malacothrix clevelandii
Malacothrix coulteri
Malacothrix floccifera
Malva assurgentiflora,NC
Malva multiflora
Malva nicaeensis
Malva parviflora
Malvella leprosa
Marah fabacea
Marah oregana
Marrubium vulgare
Marsilea vestita subsp. vestita
Matricaria discoidea
Matricaria occidentalis
Maytenus boaria
Meconella californica
Meconella oregana
Medicago arabica
Medicago lupulina
Medicago polymorpha
Medicago sativa
Melica californica
Melica imperfecta
Melica torreyana
Melilotus albus
Melilotus indicus
Melissa officinalis
Mentha ×gracilis
Mentha ×piperita
Mentha aquatica
Mentha arvensis
Mentha canadensis
Mentha pulegium
Mentha spicata
Mentha suaveolens
Mentzelia affinis
Mentzelia dispersa
Mentzelia laevicaulis
Mentzelia lindleyi
Mentzelia micrantha
Mercurialis annua
Mesembryanthemum nodiflorum
Micranthes californica
Micropus californicus var. californicus
Micropus californicus var. subvestitus
Microseris acuminata
Microseris bigelovii
Microseris campestris
Microseris douglasii subsp. douglasii
Microseris douglasii subsp. tenella
Microseris elegans
Microseris sylvatica
Microsteris gracilis
Mimetanthe pilosa
Mirabilis laevis var. crassifolia
Modiola caroliniana
Moehringia macrophylla
Mollugo verticillata
Monardella douglasii
Monardella villosa subsp. villosa
Monolepis nuttalliana
Monolopia gracilens
Monolopia lanceolata
Monolopia major
Montia fontana
Montia linearis
Morella californica
Muehlenbeckia complexa
Muilla maritima
Myoporum laetum
Myosotis discolor
Myosotis latifolia
Myosurus minimus subsp. apus
Myosurus minimus
Myosurus sessilis
Myriophyllum aquaticum
Myriophyllum sibiricum
Myriophyllum spicatum
Myriophyllum verticillatum
Myriopteris covillei
Myriopteris gracillima
Myriopteris intertexta
Najas guadalupensis subsp. guadalupensis
Najas marina
Narcissus pseudonarcissus
Narcissus tazetta
Nasturtium officinale
Navarretia atractyloides
Navarretia cotulifolia
Navarretia gowenii
Navarretia hamata subsp. parviloba
Navarretia heterandra
Navarretia intertexta
Navarretia mellita
Navarretia nigelliformis subsp. radians
Navarretia prostrata
Navarretia pubescens
Navarretia squarrosa
Navarretia viscidula
Nemophila heterophylla
Nemophila menziesii var. menziesii
Nemophila parviflora var. parviflora
Nemophila pedunculata
Nicotiana acuminata var. multiflora
Nicotiana glauca
Nicotiana quadrivalvis
Nitrophila occidentalis
Nothoscordum gracile
Nuttallanthus texanus
Oemleria cerasiformis
Oenanthe sarmentosa
Oenothera biennis
Oenothera deltoides subsp. cognata
Oenothera deltoides subsp. howellii
Oenothera elata subsp. hookeri
Oenothera glazioviana
Oenothera laciniata
Oenothera sinuosa
Oenothera xenogaura
Olea europaea
Osmorhiza berteroi
Osmorhiza brachypoda
Oxalis corniculata
Oxalis incarnata
Oxalis oregana
Oxalis pes-caprae
Oxalis pilosa
Packera breweri
Panicum acuminatum
Panicum capillare
Papaver californicum
Papaver heterophyllum
Parapholis incurva
Parietaria hespera var. californica
Parietaria judaica
Paspalum dilatatum
Paspalum distichum
Passiflora tarminiana
Pectocarya penicillata
Pedicularis densiflora
Pediomelum californicum
Pelargonium grossularioides
Pelargonium inquinans
Pellaea andromedifolia
Pellaea mucronata var. mucronata
Pennisetum clandestinum
Pennisetum setaceum
Pennisetum villosum
Penstemon centranthifolius
Penstemon heterophyllus var. heterophyllus
Penstemon heterophyllus var. purdyi
Pentachaeta alsinoides
Pentachaeta exilis subsp. exilis
Pentagramma triangularis
Perideridia californica
Perideridia kelloggii
Perideridia oregana
Persicaria amphibia
Persicaria hydropiper
Persicaria hydropiperoides
Persicaria lapathifolia
Persicaria maculosa
Persicaria punctata
Petasites frigidus var. palmatus
Petrorhagia dubia
Petunia parviflora
Phacelia breweri
Phacelia californica
Phacelia ciliata
Phacelia distans
Phacelia divaricata
Phacelia douglasii
Phacelia imbricata var. imbricata
Phacelia malvifolia
Phacelia nemoralis var. nemoralis
Phacelia phacelioides
Phacelia ramosissima
Phacelia rattanii
Phacelia suaveolens
Phacelia tanacetifolia
Phalaris angusta
Phalaris aquatica
Phalaris arundinacea
Phalaris brachystachys
Phalaris californica
Phalaris lemmonii
Phalaris minor
Phalaris paradoxa
Phelipanche ramosa
Phoenix canariensis
Pholistoma auritum var. auritum
Pholistoma membranaceum
Phoradendron leucarpum subsp. macrophyllum
Phoradendron leucarpum subsp. tomentosum
Phragmites australis
Phyla lanceolata
Phyla nodiflora
Physocarpus capitatus
Phytolacca heterotepala
Pickeringia montana var. montana
Pilularia americana
Pinus attenuata
Pinus coulteri
Pinus radiata,NC
Pinus sabiniana
Piperia elegans subsp. elegans
Piperia elongata
Piperia michaelii
Piperia transversa
Pistacia atlantica
Pittosporum crassifolium
Plagiobothrys acanthocarpus
Plagiobothrys arizonicus
Plagiobothrys bracteatus
Plagiobothrys canescens
Plagiobothrys chorisianus var. chorisianus
Plagiobothrys diffusus
Plagiobothrys fulvus var. campestris
Plagiobothrys glaber
Plagiobothrys greenei
Plagiobothrys humistratus
Plagiobothrys infectivus
Plagiobothrys leptocladus
Plagiobothrys nothofulvus
Plagiobothrys stipitatus var. micranthus
Plagiobothrys stipitatus var. stipitatus
Plagiobothrys tenellus
Plagiobothrys trachycarpus
Plagiobothrys undulatus
Plantago coronopus
Plantago elongata
Plantago erecta
Plantago lanceolata
Plantago major
Plantago maritima
Plantago subnuda
Platanthera dilatata var. leucostachys
Platanus racemosa
Platystemon californicus
Plectritis ciliosa
Plectritis congesta subsp. brachystemon
Plectritis macrocera
Pleuropogon californicus var. californicus
Pluchea odorata var. odorata
Poa annua
Poa bulbosa
Poa douglasii
Poa howellii
Poa pratensis subsp. pratensis
Poa secunda subsp. secunda
Pogogyne douglasii
Pogogyne serpylloides
Pogogyne zizyphoroides
Polemonium carneum
Polycarpon tetraphyllum var. tetraphyllum
Polygonum argyrocoleon
Polygonum aviculare subsp. aviculare
Polygonum aviculare subsp. depressum
Polygonum aviculare subsp. neglectum
Polygonum aviculare subsp. rurivagum
Polygonum ramosissimum subsp. ramosissimum
Polypodium calirhiza
Polypodium scouleri
Polypogon imberbis
Polypogon interruptus
Polypogon monspeliensis
Polypogon viridis
Polystichum californicum
Polystichum munitum
Populus fremontii subsp. fremontii
Populus trichocarpa
Portulaca oleracea
Potamogeton crispus
Potamogeton diversifolius
Potamogeton foliosus subsp. foliosus
Potamogeton illinoensis
Potamogeton nodosus
Potamogeton pusillus
Potamogeton zosteriformis
Potentilla anserina subsp. pacifica
Potentilla rivalis
Poterium sanguisorba
Primula clevelandii var. gracilis
Primula clevelandii var. patula
Primula hendersonii
Proboscidea lutea
Prosartes hookeri
Prunella vulgaris var. lanceolata
Prunella vulgaris var. vulgaris
Prunus cerasifera
Prunus dulcis
Prunus emarginata
Prunus subcordata
Prunus virginiana var. demissa
Pseudognaphalium beneolens
Pseudognaphalium biolettii
Pseudognaphalium californicum
Pseudognaphalium luteoalbum
Pseudognaphalium microcephalum
Pseudognaphalium ramosissimum
Pseudognaphalium stramineum
Pseudognaphalium thermale
Psilocarphus brevissimus var. brevissimus
Psilocarphus chilensis
Psilocarphus oregonus
Psilocarphus tenellus
Ptelea crenulata
Pteridium aquilinum var. pubescens
Pterostegia drymarioides
Puccinellia distans
Puccinellia nutkaensis
Puccinellia nuttalliana
Puccinellia simplex
Pyracantha angustifolia
Pyracantha coccinea
Pyracantha crenulata
Pyracantha fortuneana
Pyrrocoma racemosa var. racemosa
Quercus agrifolia var. agrifolia
Quercus berberidifolia
Quercus chrysolepis
Quercus douglasii
Quercus durata var. durata
Quercus garryana var. garryana
Quercus ilex
Quercus kelloggii
Quercus lobata
Quercus palmeri
Quercus parvula var. shrevei
Quercus wislizeni var. frutescens
Quercus wislizeni var. wislizeni
Rafinesquia californica
Ranunculus aquatilis var. aquatilis
Ranunculus aquatilis var. diffusus
Ranunculus californicus
Ranunculus canus var. canus
Ranunculus hebecarpus
Ranunculus lobbii
Ranunculus muricatus
Ranunculus occidentalis var. occidentalis
Ranunculus orthorhynchus var. bloomeri
Ranunculus orthorhynchus var. orthorhynchus
Ranunculus repens
Ranunculus sceleratus
Raphanus raphanistrum
Raphanus sativus
Rhamnus alaternus
Rhamnus crocea
Rhamnus ilicifolia
Rhaponticum repens
Rhinotropis californica
Rhus aromatica
Ribes amarum
Ribes aureum var. gracillimum
Ribes californicum var. californicum
Ribes divaricatum var. pubiflorum
Ribes malvaceum var. malvaceum
Ribes menziesii
Ribes quercetorum
Ribes sanguineum var. glutinosum
Ribes speciosum
Ricinus communis
Rigiopappus leptocladus
Robinia pseudoacacia
Romanzoffia californica
Romulea rosea var. australis
Rorippa curvisiliqua
Rorippa palustris subsp. palustris
Rosa californica
Rosa gymnocarpa
Rosa rubiginosa
Rosa spithamea
Rubus armeniacus
Rubus laciniatus
Rubus parviflorus
Rubus pensilvanicus
Rubus ulmifolius var. anoplothyrsus
Rubus ursinus
Rumex acetosella
Rumex californicus
Rumex conglomeratus
Rumex crassus
Rumex crispus
Rumex fueginus
Rumex obtusifolius
Rumex occidentalis
Rumex pulcher
Rumex salicifolius
Rumex transitorius
Rupertia physodes
Ruppia cirrhosa
Ruppia maritima
Rytidosperma caespitosum
Rytidosperma penicillatum
Rytidosperma racemosum
Sabulina californica
Sabulina douglasii
Sabulina pusilla
Sagina apetala
Sagina decumbens subsp. occidentalis
Sagina procumbens
Salicornia depressa
Salicornia pacifica
Salicornia rubra
Salix breweri
Salix exigua var. hindsiana
Salix gooddingii
Salix laevigata
Salix lasiandra var. lasiandra
Salix lasiolepis
Salix melanopsis
Salix scouleriana
Salix sitchensis
Salpichroa origanifolia
Salsola australis
Salsola soda
Salsola tragus
Salvia apiana,NC
Salvia carduacea
Salvia columbariae
Salvia leucophylla,NC
Salvia mellifera
Salvia spathacea
Sambucus mexicana
Sambucus racemosa var. racemosa
Samolus parviflorus
Sanicula arctopoides
Sanicula bipinnata
Sanicula bipinnatifida
Sanicula crassicaulis
Sanicula laciniata
Sanicula maritima
Sanicula saxatilis
Sanicula tuberosa
Scabiosa atropurpurea
Scandix pecten-veneris
Schinus molle
Schismus arabicus
Schoenoplectus acutus var. occidentalis
Schoenoplectus americanus
Schoenoplectus californicus
Schoenoplectus pungens var. longispicatus
Scirpus microcarpus
Scolymus hispanicus
Scribneria bolanderi
Scrophularia californica
Scutellaria californica
Scutellaria siphocampyloides
Scutellaria tuberosa
Sedella pentandra
Sedum radiatum
Sedum spathulifolium
Selaginella bigelovii
Senecio aphanactis
Senecio aronicoides
Senecio flaccidus var. douglasii
Senecio glomeratus
Senecio hydrophilus
Senecio jacobaea
Senecio minimus
Senecio sylvaticus
Senecio vulgaris
Sequoia sempervirens
Sesuvium verrucosum
Setaria parviflora
Setaria pumila subsp. pumila
Setaria viridis
Sherardia arvensis
Sidalcea diploscypha
Sidalcea malviflora subsp. laciniata
Sidalcea malviflora subsp. malviflora
Silene antirrhina
Silene gallica
Silene laciniata subsp. californica
Silene verecunda
Silybum marianum
Sinapis arvensis
Sisymbrium irio
Sisymbrium officinale
Sisymbrium orientale
Sisyrinchium bellum
Sisyrinchium californicum
Sium suave
Solanum americanum
Solanum elaeagnifolium
Solanum furcatum
Solanum lanceolatum
Solanum nigrum
Solanum physalifolium var. nitidibaccatum
Solanum umbelliferum
Solanum xanti
Soleirolia soleirolii
Solidago elongata
Solidago velutina subsp. californica
Soliva sessilis
Sonchus asper subsp. asper
Sonchus oleraceus
Sonchus tenerrimus
Sorghum bicolor
Sorghum halepense
Sparganium eurycarpum var. eurycarpum
Sparganium eurycarpum var. greenei
Spartina alterniflora
Spartina densiflora
Spartina foliosa
Spartina patens
Spartium junceum
Spergula arvensis
Spergularia bocconi
Spergularia macrotheca var. leucantha
Spergularia macrotheca var. longistyla
Spergularia macrotheca var. macrotheca
Spergularia marina
Spergularia media var. media
Spergularia rubra
Spergularia villosa
Spiranthes porrifolia
Spiranthes romanzoffiana
Sporobolus airoides
Sporobolus indicus
Stachys ajugoides
Stachys albens
Stachys pycnantha
Stachys rigida var. quercetorum
Stachys rigida var. rigida
Stebbinsoseris heterocarpa
Stellaria media
Stellaria nitens
Stellaria pallida
Stenotaphrum secundatum
Stephanomeria elata
Stephanomeria exigua subsp. coronaria
Stephanomeria virgata subsp. pleurocarpa
Stipa cernua
Stipa lemmonii var. lemmonii
Stipa lepida
Stipa miliacea var. miliacea
Stipa pulchra
Streptanthus albidus subsp. peramoenus
Streptanthus breweri
Streptanthus glandulosus subsp. glandulosus
Streptanthus hispidus
Stuckenia pectinata
Stuckenia striata
Stylocline gnaphaloides
Suaeda californica
Suaeda nigra
Symphoricarpos albus var. laevigatus
Symphoricarpos mollis
Symphyotrichum chilense
Symphyotrichum lanceolatum var. hesperium
Symphyotrichum lentum
Symphyotrichum spathulatum
Symphyotrichum subulatum var. parviflorum
Tamarix parviflora
Tamarix ramosissima
Tanacetum parthenium
Taraxacum erythrospermum
Taraxacum officinale
Taraxia ovata
Tauschia hartwegii
Tellima grandiflora
Tetragonia tetragonoides
Tetrapteron graciliflorum
Thalictrum fendleri var. polycarpum
Thysanocarpus curvipes
Thysanocarpus laciniatus
Thysanocarpus radians
Tolmiea diplomenziesii
Tonella tenella
Torilis arvensis
Torilis nodosa
Toxicodendron diversilobum
Toxicoscordion fremontii
Toxicoscordion venenosum var. venenosum
Tradescantia fluminensis
Tragopogon porrifolius
Trianthema portulacastrum
Tribulus terrestris
Trichostema lanceolatum
Trifolium albopurpureum
Trifolium angustifolium
Trifolium barbigerum
Trifolium bifidum var. bifidum
Trifolium bifidum var. decipiens
Trifolium campestre
Trifolium ciliolatum
Trifolium columbinum
Trifolium depauperatum var. depauperatum
Trifolium depauperatum var. truncatum
Trifolium dichotomum
Trifolium dubium
Trifolium fragiferum
Trifolium fucatum
Trifolium glomeratum
Trifolium gracilentum
Trifolium grayi
Trifolium hirtum
Trifolium hybridum
Trifolium hydrophilum
Trifolium incarnatum
Trifolium macraei
Trifolium microcephalum
Trifolium microdon
Trifolium obtusiflorum
Trifolium oliganthum
Trifolium pratense
Trifolium repens
Trifolium subterraneum
Trifolium tomentosum
Trifolium variegatum var. geminiflorum
Trifolium variegatum var. major
Trifolium variegatum var. variegatum
Trifolium willdenovii
Trifolium wormskioldii
Triglochin concinna var. concinna
Triglochin maritima
Triglochin scilloides
Triglochin striata
Trillium chloropetalum
Trillium ovatum subsp. ovatum
Triodanis biflora
Triphysaria eriantha subsp. eriantha
Triphysaria pusilla
Triphysaria versicolor subsp. faucibarbata
Trisetum canescens
Triteleia hyacinthina
Triteleia laxa
Triteleia peduncularis
Tropaeolum majus
Tropidocarpum capparideum
Tropidocarpum gracile
Turritis glabra
Typha angustifolia
Typha domingensis
Typha latifolia
Ulmus minor
Umbellularia californica
Uropappus lindleyi
Urospermum picroides
Urtica dioica subsp. holosericea
Urtica urens
Vaccinium ovatum
Vancouveria planipetala
Verbascum blattaria
Verbascum thapsus
Verbena hastata
Verbena lasiostachys var. lasiostachys
Verbena lasiostachys var. scabrida
Verbena litoralis
Verbesina encelioides subsp. exauriculata
Veronica americana
Veronica anagallis-aquatica
Veronica arvensis
Veronica catenata
Veronica peregrina subsp. xalapensis
Veronica persica
Viburnum ellipticum
Vicia americana subsp. americana
Vicia benghalensis
Vicia disperma
Vicia gigantea
Vicia hassei
Vicia sativa subsp. nigra
Vicia sativa subsp. sativa
Vicia villosa subsp. varia
Vicia villosa subsp. villosa
Vinca major
Viola adunca subsp. adunca
Viola douglasii
Viola glabella
Viola pedunculata
Viola purpurea subsp. purpurea
Viola purpurea subsp. quercetorum
Viola sempervirens
Viola sheltonii
Vitis californica
Woodwardia fimbriata
Wyethia angustifolia
Wyethia glabra
Wyethia helenioides
Xanthium spinosum
Xanthium strumarium
Yabea microcarpa
Zannichellia palustris
Zantedeschia aethiopica
Zeltnera davyi
Zeltnera muehlenbergii
Zeltnera trichantha
Zostera marina
