taxon,common name,status,jepson id,calrecnum,inat id,CRPR,CESA
Abronia latifolia,yellow sand verbena,N,11552,13,52618
Abronia umbellata var. umbellata,beach sand verbena,N,75287,10748,53800
Abutilon theophrasti,velvet-leaf,X,11605,26,60214
Acanthomintha lanceolata,Santa Clara thornmint,N,11726,50,61794,4.2
Antirrhinum thompsonii,Sierra snapdragon,N,108978,14286,168306
Erysimum capitatum var. angustatum,Contra Costa wallflower,N,,9942,119564,1B.1,CE
Limosella australis,delta mudwort,X,31029,10069,60248
Piperia elegans subsp. elegans,coast piperia,N,74709,8857,61045
Sambucus nigra subsp. caerulea,blue elderberry,N,80587,10348,61166
Spartina alterniflora,saltwater cordgrass,X,45038,7699,79163
Streptanthus glandulosus subsp. glandulosus,jewelflower,N,53142,7837,58783
